date,open,high,low,close,close_diff,fundingRate
2020-02-20 08:00:00,0.057829999999999986,0.05784,0.05779,0.05784,0.00017292062943114408,0.0001
2020-02-20 08:01:00,0.05781,0.05784,0.05769,0.05771,-0.0017298045320879234,0.0
2020-02-20 08:02:00,0.0577,0.05777,0.05767000000000001,0.05767000000000001,-0.0005199306759099176,0.0
2020-02-20 08:03:00,0.05767000000000001,0.0577,0.0576,0.05765,-0.0003468007629616644,0.0
2020-02-20 08:04:00,0.05765,0.05768,0.05765,0.05766,0.00017346053772772008,0.0
2020-02-20 08:05:00,0.05766,0.05767000000000001,0.05759,0.0576,-0.0010405827263268214,0.0
2020-02-20 08:06:00,0.05764,0.05769,0.05764,0.05766,0.0003469812630119036,0.0
2020-02-20 08:07:00,0.05769,0.05771,0.05765,0.05771,0.00034668053388800806,0.0
2020-02-20 08:08:00,0.05771,0.05771,0.05767000000000001,0.05771,0.0,0.0
2020-02-20 08:09:00,0.05768,0.05779,0.05768,0.05779,0.001907073509015239,0.0
2020-02-20 08:10:00,0.05777,0.05779,0.05767000000000001,0.05769,-0.001384801800242404,0.0
2020-02-21 08:00:00,0.05902,0.05902,0.05902,0.05902,0.0,0.0001
2020-02-21 08:01:00,0.059029999999999985,0.05904,0.059029999999999985,0.05904,0.00016940538709136135,0.0
2020-02-21 08:02:00,0.05904,0.05904,0.05904,0.05904,0.0,0.0
2020-02-21 08:03:00,0.05907,0.059170000000000014,0.05905,0.059170000000000014,0.0016929067208397302,0.0
2020-02-21 08:04:00,0.059170000000000014,0.05918,0.05915,0.05915,-0.00033800912624639486,0.0
2020-02-21 08:05:00,0.059170000000000014,0.05923,0.05915,0.05921000000000001,0.0006760182524927897,0.0
2020-02-21 08:06:00,0.05919,0.05919,0.05915,0.05915,-0.0006757898293630406,0.0
2020-02-21 08:07:00,0.05918,0.05918,0.05907,0.05909,-0.0015207840486652034,0.0
2020-02-21 08:08:00,0.05909,0.05911,0.05905,0.05905,-0.0006769334912844537,0.0
2020-02-21 08:09:00,0.05907,0.05911,0.05907,0.0591,0.0005078720162519425,0.0
2020-02-21 08:10:00,0.05912000000000001,0.05913,0.05912000000000001,0.05913,0.00016914749661710182,0.0
2020-02-22 08:00:00,0.05756,0.05756,0.05751000000000001,0.05751000000000001,-0.000868658790826988,0.0001
2020-02-22 08:01:00,0.0575,0.05757,0.05749,0.05757,0.0012173913043478368,0.0
2020-02-22 08:02:00,0.05757,0.0576,0.05748,0.0576,0.0005211047420530711,0.0
2020-02-22 08:03:00,0.05761,0.05765,0.0576,0.05764,0.0005207429265751659,0.0
2020-02-22 08:04:00,0.05764,0.05764,0.05749,0.05749,-0.0026023594725884344,0.0
2020-02-22 08:05:00,0.05752,0.05753,0.057470000000000014,0.0575,-0.00034770514603614717,0.0
2020-02-22 08:06:00,0.05749,0.05753,0.05742000000000001,0.057470000000000014,-0.0003478865889719809,0.0
2020-02-22 08:07:00,0.057470000000000014,0.0575,0.05746,0.05748,0.00017400382808427112,0.0
2020-02-22 08:08:00,0.05748,0.05757,0.05748,0.05752,0.0006958942240779117,0.0
2020-02-22 08:09:00,0.05756,0.057579999999999985,0.05756,0.05757,0.00017373175816544584,0.0
2020-02-22 08:10:00,0.057579999999999985,0.05766,0.057579999999999985,0.05766,0.001389371309482523,0.0
2020-02-23 08:00:00,0.06006,0.06016000000000001,0.06006,0.06016000000000001,0.0016650016650015973,0.0001
2020-02-23 08:01:00,0.06013,0.06018,0.06013,0.06017,0.0006652253450856206,0.0
2020-02-23 08:02:00,0.06017,0.06017,0.06011,0.06011,-0.0009971746717634118,0.0
2020-02-23 08:03:00,0.06011,0.06017,0.06011,0.06016000000000001,0.0008318083513558713,0.0
2020-02-23 08:04:00,0.06014,0.06014,0.06014,0.06014,0.0,0.0
2020-02-23 08:05:00,0.06015,0.06016000000000001,0.06014,0.06016000000000001,0.00016625103906892972,0.0
2020-02-23 08:06:00,0.06016000000000001,0.06017,0.06013,0.06013,-0.0004986702127658795,0.0
2020-02-23 08:07:00,0.06014,0.06014,0.0601,0.0601,-0.0006651147322912932,0.0
2020-02-23 08:08:00,0.060120000000000014,0.06017,0.060120000000000014,0.06014,0.0003326679973386425,0.0
2020-02-23 08:09:00,0.06015,0.06015,0.06015,0.06015,0.0,0.0
2020-02-23 08:10:00,0.06015,0.06015,0.06008,0.06008,-0.0011637572734829696,0.0
2020-02-24 08:00:00,0.05946,0.05947,0.05936,0.05939,-0.0011772620248906931,0.0001
2020-02-24 08:01:00,0.05945,0.05945,0.05945,0.05945,0.0,0.0
2020-02-24 08:02:00,0.05945,0.05945,0.05945,0.05945,0.0,0.0
2020-02-24 08:03:00,0.059420000000000014,0.059420000000000014,0.0594,0.0594,-0.0003365870077414875,0.0
2020-02-24 08:04:00,0.0594,0.0594,0.05939,0.05939,-0.00016835016835021989,0.0
2020-02-24 08:05:00,0.05939,0.05941,0.05935,0.0594,0.00016837851490155014,0.0
2020-02-24 08:06:00,0.05941,0.05952,0.0594,0.05952,0.0018515401447568747,0.0
2020-02-24 08:07:00,0.05949,0.05954,0.05949,0.05954,0.0008404773911582017,0.0
2020-02-24 08:08:00,0.05949,0.05951,0.05943,0.05945,-0.0006723819129265149,0.0
2020-02-24 08:09:00,0.05947,0.05948,0.05943,0.05948,0.0001681520094164473,0.0
2020-02-24 08:10:00,0.05948,0.05954,0.05948,0.05954,0.001008742434431817,0.0
2020-02-25 08:00:00,0.05668,0.05672000000000001,0.05659,0.0566,-0.0014114326040932195,0.0001
2020-02-25 08:01:00,0.0566,0.056629999999999986,0.0565,0.05653,-0.0012367491166077847,0.0
2020-02-25 08:02:00,0.0565,0.0565,0.05646,0.05647000000000001,-0.0005309734513274733,0.0
2020-02-25 08:03:00,0.05647000000000001,0.056520000000000015,0.05645,0.05649,0.0003541703559411933,0.0
2020-02-25 08:04:00,0.05649,0.05659,0.05649,0.05655,0.0010621348911312534,0.0
2020-02-25 08:05:00,0.05657,0.05664,0.05657,0.05664,0.0012374049849743784,0.0
2020-02-25 08:06:00,0.05665,0.05673,0.05665,0.05669,0.0007060900264783472,0.0
2020-02-25 08:07:00,0.05668,0.056770000000000015,0.05664,0.05673,0.0008821453775582467,0.0
2020-02-25 08:08:00,0.05673,0.05702,0.05673,0.05694,0.0037017451084081603,0.0
2020-02-25 08:09:00,0.05698,0.05704,0.05696,0.05704,0.0010530010530010099,0.0
2020-02-25 08:10:00,0.05703,0.05712,0.05703,0.05711,0.0014027704716816356,0.0
2020-02-26 08:00:00,0.05177,0.051820000000000005,0.0517,0.05173,-0.0007726482518832986,0.0001
2020-02-26 08:01:00,0.05173,0.05186,0.05161,0.05173,0.0,0.0
2020-02-26 08:02:00,0.05175,0.05176,0.0517,0.05174,-0.00019323671497577051,0.0
2020-02-26 08:03:00,0.05172,0.05188,0.05172,0.05186,0.0027068832173240765,0.0
2020-02-26 08:04:00,0.05188,0.05205,0.05184,0.05202,0.002698535080955942,0.0
2020-02-26 08:05:00,0.052029999999999986,0.05205,0.051910000000000005,0.05201,-0.0003843936190659078,0.0
2020-02-26 08:06:00,0.05195,0.05197,0.0518,0.05194,-0.0001924927815207519,0.0
2020-02-26 08:07:00,0.05195,0.052000000000000005,0.05189,0.05189,-0.0011549566891242446,0.0
2020-02-26 08:08:00,0.05194,0.05195,0.05193,0.05193,-0.0001925298421255884,0.0
2020-02-26 08:09:00,0.05195,0.05198,0.05195,0.05198,0.0005774783445619887,0.0
2020-02-26 08:10:00,0.05196,0.05202,0.051920000000000015,0.05197,0.0001924557351809673,0.0
2020-02-27 08:00:00,0.05029,0.05031,0.05016,0.05016,-0.0025850069596340857,0.0001
2020-02-27 08:01:00,0.05016,0.05022,0.05009,0.05015,-0.00019936204146736567,0.0
2020-02-27 08:02:00,0.05016,0.05027,0.05014,0.05027,0.0021929824561403304,0.0
2020-02-27 08:03:00,0.05026,0.05031,0.05019,0.050210000000000005,-0.0009948269001194077,0.0
2020-02-27 08:04:00,0.05022,0.05022,0.0501,0.0501,-0.002389486260454043,0.0
2020-02-27 08:05:00,0.05013,0.05025,0.05009,0.05022,0.0017953321364452387,0.0
2020-02-27 08:06:00,0.05024,0.05029,0.05022,0.05027,0.0005971337579618282,0.0
2020-02-27 08:07:00,0.05022,0.05023,0.05019,0.050210000000000005,-0.0001991238550378945,0.0
2020-02-27 08:08:00,0.0502,0.05025,0.05008,0.05022,0.00039840637450197584,0.0
2020-02-27 08:09:00,0.05025,0.05028,0.05017,0.05024,-0.00019900497512443903,0.0
2020-02-27 08:10:00,0.05024,0.05025,0.050210000000000005,0.05023,-0.0001990445859873221,0.0
2020-02-28 08:00:00,0.0487,0.04872,0.04867,0.04872,0.0004106776180697984,0.0001
2020-02-28 08:01:00,0.04872,0.04877,0.04871,0.04877,0.0010262725779967452,0.0
2020-02-28 08:02:00,0.04877,0.04885,0.048760000000000005,0.04882,0.0010252204223908429,0.0
2020-02-28 08:03:00,0.04884,0.04903,0.04883,0.04903,0.0038902538902538014,0.0
2020-02-28 08:04:00,0.04904,0.04909,0.049010000000000005,0.04909,0.0010195758564437486,0.0
2020-02-28 08:05:00,0.04912,0.04915,0.04902,0.0491,-0.00040716612377848506,0.0
2020-02-28 08:06:00,0.0491,0.04914,0.04904,0.04911,0.0002036659877801031,0.0
2020-02-28 08:07:00,0.04912,0.04913,0.04906,0.04908,-0.0008143322475569701,0.0
2020-02-28 08:08:00,0.04909,0.04924,0.04909,0.04924,0.0030556121409655197,0.0
2020-02-28 08:09:00,0.04924,0.04928,0.04921,0.04923,-0.00020308692120219585,0.0
2020-02-28 08:10:00,0.04921,0.04921,0.04907,0.04909,-0.002438528754318129,0.0
2020-02-29 08:00:00,0.04934,0.04937,0.04933,0.04937,0.0006080259424401156,0.0001
2020-02-29 08:01:00,0.04938,0.04938,0.04932,0.04935,-0.0006075334143378341,0.0
2020-02-29 08:02:00,0.04936,0.04941,0.04935,0.04935,-0.00020259319286878164,0.0
2020-02-29 08:03:00,0.04937,0.04939,0.04934,0.04934,-0.000607656471541327,0.0
2020-02-29 08:04:00,0.04934,0.04934,0.04933,0.04933,-0.0002026753141467989,0.0
2020-02-29 08:05:00,0.04934,0.04936,0.04932,0.04933,-0.0002026753141467989,0.0
2020-02-29 08:06:00,0.04933,0.04936,0.04928,0.04928,-0.0010135819987837306,0.0
2020-02-29 08:07:00,0.04923,0.04923,0.049010000000000005,0.049010000000000005,-0.004468819825309871,0.0
2020-02-29 08:08:00,0.04904,0.0491,0.049010000000000005,0.04903,-0.00020391517128880631,0.0
2020-02-29 08:09:00,0.04907,0.04912,0.04906,0.04911,0.00081516201345014,0.0
2020-02-29 08:10:00,0.0491,0.0491,0.04907,0.04908,-0.0004073319755600649,0.0
2020-03-01 08:00:00,0.04719,0.04721,0.04718,0.0472,0.00021190930281831158,0.0001
2020-03-01 08:01:00,0.0472,0.04722,0.04717,0.04722,0.0004237288135593048,0.0
2020-03-01 08:02:00,0.04722,0.04722,0.0472,0.04722,0.0,0.0
2020-03-01 08:03:00,0.0472,0.04721,0.0472,0.04721,0.0002118644067797259,0.0
2020-03-01 08:04:00,0.04722,0.04722,0.0472,0.04722,0.0,0.0
2020-03-01 08:05:00,0.04722,0.04722,0.04716,0.04717,-0.0010588733587463244,0.0
2020-03-01 08:06:00,0.04714,0.04717,0.04712,0.04714,0.0,0.0
2020-03-01 08:07:00,0.04715,0.04718,0.04714,0.04718,0.0006362672322375875,0.0
2020-03-01 08:08:00,0.04717,0.04717,0.04715,0.04716,-0.0002119991520033098,0.0
2020-03-01 08:09:00,0.04716,0.04716,0.04716,0.04716,0.0,0.0
2020-03-01 08:10:00,0.04716,0.04718,0.04716,0.04718,0.00042408821034773503,0.0
2020-03-02 08:00:00,0.04664,0.04667,0.04662,0.04667,0.0006432246998285216,0.0001
2020-03-02 08:01:00,0.04664,0.04664,0.04659,0.0466,-0.0008576329331045963,0.0
2020-03-02 08:02:00,0.0466,0.04663,0.04659,0.046610000000000006,0.0002145922746780284,0.0
2020-03-02 08:03:00,0.046610000000000006,0.04663,0.04658,0.04663,0.0004290924694271441,0.0
2020-03-02 08:04:00,0.04663,0.04666,0.0466,0.04664,0.00021445421402537128,0.0
2020-03-02 08:05:00,0.04666,0.04666,0.04664,0.04664,-0.00042863266180881237,0.0
2020-03-02 08:06:00,0.04664,0.04664,0.04664,0.04664,0.0,0.0
2020-03-02 08:07:00,0.04665,0.04673,0.04665,0.04671,0.001286173633440611,0.0
2020-03-02 08:08:00,0.04674,0.04674,0.0467,0.04674,0.0,0.0
2020-03-02 08:09:00,0.04671,0.04675,0.04668,0.04675,0.0008563476771568907,0.0
2020-03-02 08:10:00,0.04673,0.04674,0.04672,0.04674,0.00021399529210349078,0.0
2020-03-03 08:00:00,0.04813,0.04817,0.04802,0.04802,-0.0022854768335757113,0.0001
2020-03-03 08:01:00,0.04802,0.04803,0.04799,0.048,-0.0004164931278633733,0.0
2020-03-03 08:02:00,0.048,0.048060000000000005,0.048,0.048060000000000005,0.001249999999999949,0.0
2020-03-03 08:03:00,0.04801,0.04801,0.04795,0.04795,-0.0012497396375754546,0.0
2020-03-03 08:04:00,0.04796,0.04797,0.04776,0.04779,-0.003544620517097654,0.0
2020-03-03 08:05:00,0.0478,0.047810000000000005,0.04775,0.047810000000000005,0.00020920502092042098,0.0
2020-03-03 08:06:00,0.0478,0.04785,0.04778,0.04784,0.0008368200836819742,0.0
2020-03-03 08:07:00,0.04785,0.04791,0.047810000000000005,0.04788,0.0006269592476489497,0.0
2020-03-03 08:08:00,0.04792,0.04798,0.0479,0.04792,0.0,0.0
2020-03-03 08:09:00,0.04793,0.04799,0.04793,0.04796,0.000625912789484712,0.0
2020-03-03 08:10:00,0.04797,0.048,0.04797,0.048,0.0006253908692933553,0.0
2020-03-04 08:00:00,0.05004,0.05013,0.05003,0.05013,0.0017985611510791329,0.0001
2020-03-04 08:01:00,0.05014,0.05014,0.05008,0.05011,-0.0005983246908654829,0.0
2020-03-04 08:02:00,0.05011,0.05015,0.05011,0.05014,0.0005986828976251308,0.0
2020-03-04 08:03:00,0.05013,0.0502,0.05013,0.05018,0.0009974067424696077,0.0
2020-03-04 08:04:00,0.05016,0.050210000000000005,0.05014,0.0502,0.0007974481658691861,0.0
2020-03-04 08:05:00,0.05019,0.05023,0.05018,0.05018,-0.0001992428770670676,0.0
2020-03-04 08:06:00,0.05019,0.050210000000000005,0.05015,0.05016,-0.000597728631201341,0.0
2020-03-04 08:07:00,0.05016,0.05016,0.05013,0.05016,0.0,0.0
2020-03-04 08:08:00,0.05015,0.05015,0.05008,0.05008,-0.001395812562313073,0.0
2020-03-04 08:09:00,0.0501,0.0501,0.05005,0.0501,0.0,0.0
2020-03-04 08:10:00,0.0501,0.0501,0.05008,0.0501,0.0,0.0
2020-03-05 08:00:00,0.05002,0.05008,0.05,0.05007,0.0009996001599360542,0.00015045
2020-03-05 08:01:00,0.05007,0.05013,0.05007,0.05009,0.00039944078290391817,0.0
2020-03-05 08:02:00,0.05012,0.05014,0.05009,0.05011,-0.00019952114924174229,0.0
2020-03-05 08:03:00,0.05011,0.05012,0.05011,0.05011,0.0,0.0
2020-03-05 08:04:00,0.05013,0.05015,0.05008,0.05013,0.0,0.0
2020-03-05 08:05:00,0.05013,0.05017,0.05012,0.05016,0.0005984440454817923,0.0
2020-03-05 08:06:00,0.05018,0.05018,0.05016,0.05016,-0.0003985651654045274,0.0
2020-03-05 08:07:00,0.05015,0.05015,0.05007,0.05009,-0.0011964107676968605,0.0
2020-03-05 08:08:00,0.0501,0.0501,0.0501,0.0501,0.0,0.0
2020-03-05 08:09:00,0.05012,0.05023,0.05012,0.050210000000000005,0.0017956903431763733,0.0
2020-03-05 08:10:00,0.050210000000000005,0.05022,0.0502,0.0502,-0.00019916351324429643,0.0
2020-03-06 08:00:00,0.05118,0.05118,0.05118,0.05118,0.0,0.0001
2020-03-06 08:01:00,0.05117,0.05118,0.05116,0.05118,0.00019542700801256722,0.0
2020-03-06 08:02:00,0.05119,0.05119,0.05116,0.05116,-0.0005860519632741207,0.0
2020-03-06 08:03:00,0.05117,0.0513,0.05117,0.0513,0.0025405511041625595,0.0
2020-03-06 08:04:00,0.051279999999999985,0.051279999999999985,0.05127,0.05127,-0.0001950078003119369,0.0
2020-03-06 08:05:00,0.051279999999999985,0.05129,0.05124,0.051279999999999985,0.0,0.0
2020-03-06 08:06:00,0.05125,0.05126,0.05125,0.05126,0.00019512195121957195,0.0
2020-03-06 08:07:00,0.05127,0.05127,0.05122,0.05122,-0.0009752291788570591,0.0
2020-03-06 08:08:00,0.05122,0.05122,0.05122,0.05122,0.0,0.0
2020-03-06 08:09:00,0.05123,0.05124,0.05123,0.05123,0.0,0.0
2020-03-06 08:10:00,0.05123,0.05123,0.0512,0.051210000000000006,-0.0003903962521959631,0.0
2020-03-07 08:00:00,0.05088,0.05089,0.05084,0.05084,-0.0007861635220125466,0.0001
2020-03-07 08:01:00,0.05084,0.05084,0.05081,0.05084,0.0,0.0
2020-03-07 08:02:00,0.05086,0.05088,0.05086,0.05088,0.0003932363350373413,0.0
2020-03-07 08:03:00,0.05091,0.05091,0.05091,0.05091,0.0,0.0
2020-03-07 08:04:00,0.0509,0.05091,0.0509,0.05091,0.00019646365422389242,0.0
2020-03-07 08:05:00,0.05093,0.05094,0.05093,0.05093,0.0,0.0
2020-03-07 08:06:00,0.05094,0.05095,0.05093,0.05095,0.00019630938358859563,0.0
2020-03-07 08:07:00,0.05095,0.05098,0.05095,0.05098,0.0005888125613345497,0.0
2020-03-07 08:08:00,0.05094,0.050960000000000005,0.05094,0.050960000000000005,0.00039261876717705513,0.0
2020-03-07 08:09:00,0.05095,0.05095,0.05095,0.05095,0.0,0.0
2020-03-07 08:10:00,0.05097,0.051,0.05097,0.051,0.0005885815185402258,0.0
2020-03-08 08:00:00,0.04754,0.04754,0.04742,0.04744,-0.0021034917963819086,0.0001
2020-03-08 08:01:00,0.04741,0.04743,0.0474,0.04741,0.0,0.0
2020-03-08 08:02:00,0.04739,0.04739,0.04732,0.04735,-0.0008440599282548718,0.0
2020-03-08 08:03:00,0.04732,0.04733,0.04725,0.04725,-0.0014792899408284153,0.0
2020-03-08 08:04:00,0.04726,0.04727,0.04716,0.04716,-0.00211595429538728,0.0
2020-03-08 08:05:00,0.04716,0.04723,0.04715,0.0472,0.0008481764206954701,0.0
2020-03-08 08:06:00,0.04719,0.047310000000000005,0.04719,0.04727,0.0016952744225470807,0.0
2020-03-08 08:07:00,0.04727,0.047310000000000005,0.04727,0.04729,0.00042310133276918097,0.0
2020-03-08 08:08:00,0.0473,0.0473,0.0473,0.0473,0.0,0.0
2020-03-08 08:09:00,0.0473,0.04732,0.0473,0.04732,0.00042283298097249865,0.0
2020-03-08 08:10:00,0.04729,0.04729,0.04729,0.04729,0.0,0.0
2020-03-09 08:00:00,0.04257,0.0426,0.04257,0.04259,0.00046981442330293934,0.0001
2020-03-09 08:01:00,0.04261,0.04276,0.04259,0.04274,0.003050927012438352,0.0
2020-03-09 08:02:00,0.04274,0.04287,0.042710000000000005,0.04286,0.002807674309780113,0.0
2020-03-09 08:03:00,0.04285,0.04285,0.042710000000000005,0.04279,-0.0014002333722286475,0.0
2020-03-09 08:04:00,0.04283,0.04289,0.04276,0.04284,0.0002334812047630881,0.0
2020-03-09 08:05:00,0.04284,0.04286,0.04284,0.04284,0.0,0.0
2020-03-09 08:06:00,0.04285,0.04285,0.04281,0.04284,-0.0002333722287046937,0.0
2020-03-09 08:07:00,0.04284,0.04293,0.04284,0.04293,0.002100840336134449,0.0
2020-03-09 08:08:00,0.04291,0.04292,0.04287,0.04292,0.0002330459100443501,0.0
2020-03-09 08:09:00,0.04293,0.042960000000000005,0.04293,0.04295,0.0004658746797111387,0.0
2020-03-09 08:10:00,0.04294,0.04295,0.04289,0.04293,-0.0002328830926873806,0.0
2020-03-10 08:00:00,0.04124,0.0413,0.04124,0.0413,0.00145489815712911,0.0001
2020-03-10 08:01:00,0.04128,0.04128,0.04124,0.04125,-0.000726744186046398,0.0
2020-03-10 08:02:00,0.04125,0.04131,0.04125,0.0413,0.0012121212121212464,0.0
2020-03-10 08:03:00,0.0413,0.04131,0.04128,0.04129,-0.00024213075060540098,0.0
2020-03-10 08:04:00,0.04128,0.0413,0.04127,0.04128,0.0,0.0
2020-03-10 08:05:00,0.0413,0.04133,0.04125,0.041260000000000005,-0.000968523002421436,0.0
2020-03-10 08:06:00,0.04125,0.04127,0.04124,0.04124,-0.00024242424242431666,0.0
2020-03-10 08:07:00,0.04124,0.04134,0.04124,0.04134,0.002424830261881738,0.0
2020-03-10 08:08:00,0.04134,0.04137,0.04131,0.04133,-0.00024189646831163672,0.0
2020-03-10 08:09:00,0.04133,0.04137,0.04133,0.04137,0.0009678199854826607,0.0
2020-03-10 08:10:00,0.04136,0.04144,0.04136,0.04144,0.0019342359767890887,0.0
2020-03-11 08:00:00,0.04095,0.04096,0.04093,0.04093,-0.0004884004884004685,0.0001
2020-03-11 08:01:00,0.04093,0.04093,0.0409,0.04093,0.0,0.0
2020-03-11 08:02:00,0.04094,0.04094,0.04094,0.04094,0.0,0.0
2020-03-11 08:03:00,0.04094,0.04111,0.04094,0.04111,0.00415241817293609,0.0
2020-03-11 08:04:00,0.04112,0.04124,0.04108,0.04122,0.002431906614786062,0.0
2020-03-11 08:05:00,0.0412,0.04127,0.04118,0.041260000000000005,0.0014563106796115911,0.0
2020-03-11 08:06:00,0.041260000000000005,0.04132,0.041260000000000005,0.04128,0.00048473097430923865,0.0
2020-03-11 08:07:00,0.04128,0.04128,0.04125,0.041260000000000005,-0.00048449612403098807,0.0
2020-03-11 08:08:00,0.04124,0.04125,0.04124,0.04124,0.0,0.0
2020-03-11 08:09:00,0.04124,0.04127,0.04123,0.04124,0.0,0.0
2020-03-11 08:10:00,0.04123,0.04124,0.04116,0.04116,-0.001697792869269964,0.0
2020-03-12 08:00:00,0.03468,0.034710000000000005,0.03452,0.03452,-0.0046136101499423396,0.0001
2020-03-12 08:01:00,0.03457,0.03457,0.0345,0.03453,-0.0011570726063059988,0.0
2020-03-12 08:02:00,0.03451,0.03452,0.03445,0.034480000000000004,-0.0008693132425384597,0.0
2020-03-12 08:03:00,0.03447,0.034539999999999994,0.03443,0.034539999999999994,0.0020307513780098816,0.0
2020-03-12 08:04:00,0.03453,0.03453,0.03441,0.03445,-0.0023168259484505284,0.0
2020-03-12 08:05:00,0.03445,0.03449,0.03436,0.03439,-0.0017416545718433815,0.0
2020-03-12 08:06:00,0.03437,0.03437,0.03425,0.034260000000000006,-0.003200465522257753,0.0
2020-03-12 08:07:00,0.034260000000000006,0.034260000000000006,0.03422,0.03425,-0.0002918855808521928,0.0
2020-03-12 08:08:00,0.03425,0.03427,0.034210000000000004,0.03427,0.0005839416058393923,0.0
2020-03-12 08:09:00,0.03428,0.03432,0.03406,0.03416,-0.0035005834305716194,0.0
2020-03-12 08:10:00,0.03413,0.0342,0.03408,0.03416,0.0008789920890712641,0.0
2020-03-13 08:00:00,0.02627,0.02638,0.02627,0.02637,0.003806623524933361,-0.00054929
2020-03-13 08:01:00,0.02638,0.02655,0.02638,0.02655,0.0064442759666413964,0.0
2020-03-13 08:02:00,0.026560000000000004,0.02673,0.026560000000000004,0.02673,0.006400602409638555,0.0
2020-03-13 08:03:00,0.02675,0.02699,0.02667,0.02699,0.008971962616822454,0.0
2020-03-13 08:04:00,0.027000000000000003,0.02727,0.02697,0.02727,0.009999999999999978,0.0
2020-03-13 08:05:00,0.02721,0.02755,0.02713,0.02743,0.008085262771039985,0.0
2020-03-13 08:06:00,0.02742,0.0275,0.02665,0.02675,-0.02443471918307806,0.0
2020-03-13 08:07:00,0.026760000000000003,0.02694,0.02674,0.02683,0.0026158445440956878,0.0
2020-03-13 08:08:00,0.02687,0.0269,0.02678,0.0268,-0.002605135839225925,0.0
2020-03-13 08:09:00,0.02683,0.02684,0.02672,0.026760000000000003,-0.0026090197540067322,0.0
2020-03-13 08:10:00,0.026760000000000003,0.0268,0.02642,0.02649,-0.010089686098654687,0.0
2020-03-14 08:00:00,0.02793,0.02794,0.02785,0.02785,-0.002864303616183323,0.0001
2020-03-14 08:01:00,0.02784,0.02785,0.02771,0.02771,-0.004669540229885117,0.0
2020-03-14 08:02:00,0.02771,0.02771,0.02747,0.02755,-0.005774088776614832,0.0
2020-03-14 08:03:00,0.02755,0.02759,0.02728,0.02729,-0.009437386569873077,0.0
2020-03-14 08:04:00,0.02729,0.027410000000000004,0.027260000000000003,0.027410000000000004,0.004397215097105243,0.0
2020-03-14 08:05:00,0.02737,0.0274,0.02731,0.02733,-0.0014614541468760825,0.0
2020-03-14 08:06:00,0.02735,0.02743,0.02734,0.02736,0.0003656307129798753,0.0
2020-03-14 08:07:00,0.02736,0.02738,0.02727,0.02728,-0.002923976608187142,0.0
2020-03-14 08:08:00,0.02728,0.02728,0.02708,0.02709,-0.006964809384164194,0.0
2020-03-14 08:09:00,0.02707,0.0271,0.02684,0.02702,-0.001847063169560452,0.0
2020-03-14 08:10:00,0.02702,0.02702,0.0269,0.0269,-0.0044411547002220055,0.0
2020-03-15 08:00:00,0.02658,0.0266,0.02655,0.02655,-0.001128668171557516,-0.00084586
2020-03-15 08:01:00,0.02655,0.02659,0.02653,0.02653,-0.0007532956685498751,0.0
2020-03-15 08:02:00,0.02655,0.02657,0.02648,0.0265,-0.0018832391713748183,0.0
2020-03-15 08:03:00,0.02654,0.02655,0.02651,0.02653,-0.00037678975131874885,0.0
2020-03-15 08:04:00,0.02651,0.02653,0.0265,0.02653,0.0007544322897020994,0.0
2020-03-15 08:05:00,0.02653,0.02653,0.02653,0.02653,0.0,0.0
2020-03-15 08:06:00,0.0265,0.02657,0.02649,0.02651,0.0003773584905660224,0.0
2020-03-15 08:07:00,0.02652,0.026560000000000004,0.02652,0.02655,0.0011312217194570985,0.0
2020-03-15 08:08:00,0.02652,0.02652,0.02652,0.02652,0.0,0.0
2020-03-15 08:09:00,0.02654,0.02657,0.02654,0.02655,0.00037678975131874885,0.0
2020-03-15 08:10:00,0.02655,0.02655,0.02654,0.02654,-0.00037664783427493757,0.0
2020-03-16 08:00:00,0.0231,0.02327,0.02309,0.02324,0.006060606060606114,-0.00080651
2020-03-16 08:01:00,0.02323,0.02344,0.02322,0.02336,0.005596211795092474,0.0
2020-03-16 08:02:00,0.02337,0.02341,0.02329,0.02334,-0.0012836970474967384,0.0
2020-03-16 08:03:00,0.02333,0.0234,0.02328,0.02333,0.0,0.0
2020-03-16 08:04:00,0.02333,0.02354,0.02333,0.0235,0.007286755250750108,0.0
2020-03-16 08:05:00,0.02351,0.02352,0.02344,0.02346,-0.002126754572522245,0.0
2020-03-16 08:06:00,0.02347,0.02359,0.02347,0.02359,0.005112910097997383,0.0
2020-03-16 08:07:00,0.02359,0.02367,0.02358,0.0236,0.0004239084357778547,0.0
2020-03-16 08:08:00,0.02358,0.02361,0.02353,0.02356,-0.0008481764206954701,0.0
2020-03-16 08:09:00,0.02355,0.0236,0.02353,0.02354,-0.0004246284501062871,0.0
2020-03-16 08:10:00,0.02354,0.02354,0.02343,0.0235,-0.001699235344095088,0.0
2020-03-17 08:00:00,0.02599,0.02611,0.02599,0.02611,0.004617160446325589,-5.936e-05
2020-03-17 08:01:00,0.02612,0.02618,0.02612,0.02612,0.0,0.0
2020-03-17 08:02:00,0.026160000000000003,0.026160000000000003,0.026060000000000003,0.02608,-0.0030581039755351765,0.0
2020-03-17 08:03:00,0.0261,0.02614,0.0261,0.02612,0.0007662835249041833,0.0
2020-03-17 08:04:00,0.02613,0.02613,0.0261,0.0261,-0.0011481056257175194,0.0
2020-03-17 08:05:00,0.02609,0.02615,0.02609,0.02612,0.0011498658489843714,0.0
2020-03-17 08:06:00,0.02612,0.026160000000000003,0.02612,0.02615,0.0011485451761102134,0.0
2020-03-17 08:07:00,0.02614,0.02614,0.02611,0.02614,0.0,0.0
2020-03-17 08:08:00,0.02611,0.02615,0.02611,0.02612,0.00038299502106471054,0.0
2020-03-17 08:09:00,0.02614,0.02617,0.02612,0.02615,0.0003825554705432132,0.0
2020-03-17 08:10:00,0.026160000000000003,0.02617,0.02614,0.02617,0.00038226299694188047,0.0
2020-03-18 08:00:00,0.02517,0.02517,0.02511,0.02513,-0.0015891934843067874,-0.00128753
2020-03-18 08:01:00,0.02513,0.02517,0.02509,0.02517,0.00159172304019108,0.0
2020-03-18 08:02:00,0.02516,0.02516,0.02509,0.02509,-0.0027821939586644326,0.0
2020-03-18 08:03:00,0.02511,0.02514,0.0251,0.02513,0.0007964954201513018,0.0
2020-03-18 08:04:00,0.02513,0.02514,0.02509,0.02514,0.0003979307600477355,0.0
2020-03-18 08:05:00,0.02514,0.02514,0.02509,0.02512,-0.000795544948289546,0.0
2020-03-18 08:06:00,0.02512,0.02514,0.02511,0.02512,0.0,0.0
2020-03-18 08:07:00,0.02509,0.02514,0.024880000000000003,0.02489,-0.007971303308090963,0.0
2020-03-18 08:08:00,0.02492,0.02512,0.02492,0.02507,0.006019261637239059,0.0
2020-03-18 08:09:00,0.02507,0.02509,0.02504,0.02506,-0.00039888312724370136,0.0
2020-03-18 08:10:00,0.02506,0.02514,0.02504,0.02508,0.0007980845969673845,0.0
2020-03-19 08:00:00,0.02689,0.02689,0.02684,0.02684,-0.0018594272963927641,-0.00083071
2020-03-19 08:01:00,0.02686,0.0269,0.02686,0.02689,0.0011169024571854897,0.0
2020-03-19 08:02:00,0.0269,0.02696,0.0269,0.02694,0.0014869888475835824,0.0
2020-03-19 08:03:00,0.02697,0.02697,0.026910000000000003,0.02692,-0.0018539117538005718,0.0
2020-03-19 08:04:00,0.02694,0.02695,0.02694,0.02695,0.0003711952487009304,0.0
2020-03-19 08:05:00,0.02695,0.02695,0.026930000000000003,0.026930000000000003,-0.000742115027829412,0.0
2020-03-19 08:06:00,0.026930000000000003,0.02696,0.02692,0.02692,-0.0003713330857779277,0.0
2020-03-19 08:07:00,0.02692,0.02692,0.02692,0.02692,0.0,0.0
2020-03-19 08:08:00,0.02692,0.02699,0.0269,0.02695,0.0011144130757801726,0.0
2020-03-19 08:09:00,0.02694,0.02696,0.02694,0.02694,0.0,0.0
2020-03-19 08:10:00,0.02697,0.027000000000000003,0.02696,0.02699,0.0007415647015201772,0.0
2020-03-20 08:00:00,0.03147,0.0315,0.03145,0.03146,-0.00031776294884004204,0.0001
2020-03-20 08:01:00,0.03147,0.03154,0.03146,0.03153,0.0019065776930411345,0.0
2020-03-20 08:02:00,0.03153,0.03162,0.03151,0.0316,0.0022201078338090893,0.0
2020-03-20 08:03:00,0.03161,0.03165,0.03161,0.031639999999999995,0.0009490667510282267,0.0
2020-03-20 08:04:00,0.03166,0.0317,0.03165,0.03168,0.0006317119393556281,0.0
2020-03-20 08:05:00,0.03169,0.03175,0.03167,0.03173,0.0012622278321236468,0.0
2020-03-20 08:06:00,0.03174,0.031760000000000004,0.03168,0.03168,-0.001890359168241889,0.0
2020-03-20 08:07:00,0.03167,0.03172,0.031639999999999995,0.03172,0.0015787811809283687,0.0
2020-03-20 08:08:00,0.03172,0.03177,0.03172,0.031760000000000004,0.0012610340479192426,0.0
2020-03-20 08:09:00,0.031760000000000004,0.031889999999999995,0.031760000000000004,0.031889999999999995,0.004093198992443486,0.0
2020-03-20 08:10:00,0.03188,0.03193,0.031830000000000004,0.03192,0.0012547051442910403,0.0
2020-03-21 08:00:00,0.02892,0.02892,0.02882,0.02882,-0.003457814661134262,0.0001
2020-03-21 08:01:00,0.02881,0.02882,0.02875,0.02881,0.0,0.0
2020-03-21 08:02:00,0.02879,0.02882,0.02877,0.02878,-0.00034734282737060063,0.0
2020-03-21 08:03:00,0.02877,0.02881,0.02877,0.0288,0.0010427528675703431,0.0
2020-03-21 08:04:00,0.0288,0.02881,0.02876,0.02878,-0.0006944444444444162,0.0
2020-03-21 08:05:00,0.02878,0.02878,0.02876,0.02876,-0.0006949270326615423,0.0
2020-03-21 08:06:00,0.02875,0.02876,0.0287,0.02876,0.0003478260869565076,0.0
2020-03-21 08:07:00,0.02877,0.0288,0.0287,0.0287,-0.0024330900243309216,0.0
2020-03-21 08:08:00,0.02872,0.02872,0.02864,0.02866,-0.0020891364902506115,0.0
2020-03-21 08:09:00,0.028630000000000006,0.02866,0.02858,0.028630000000000006,0.0,0.0
2020-03-21 08:10:00,0.02865,0.02877,0.028630000000000006,0.02877,0.004188481675392743,0.0
2020-03-22 08:00:00,0.0298,0.0298,0.02975,0.02975,-0.0016778523489933367,0.0001
2020-03-22 08:01:00,0.02975,0.02976,0.02973,0.02975,0.0,0.0
2020-03-22 08:02:00,0.02977,0.02983,0.02977,0.0298,0.0010077258985555515,0.0
2020-03-22 08:03:00,0.02978,0.029810000000000007,0.02978,0.029810000000000007,0.0010073875083948546,0.0
2020-03-22 08:04:00,0.02984,0.02986,0.02979,0.02979,-0.0016756032171581089,0.0
2020-03-22 08:05:00,0.0298,0.0298,0.02977,0.02977,-0.001006711409395932,0.0
2020-03-22 08:06:00,0.02977,0.02978,0.02977,0.02978,0.0003359086328518505,0.0
2020-03-22 08:07:00,0.0298,0.0298,0.02978,0.02978,-0.0006711409395972881,0.0
2020-03-22 08:08:00,0.02982,0.02985,0.02982,0.02985,0.0010060362173038985,0.0
2020-03-22 08:09:00,0.02987,0.02987,0.02985,0.02986,-0.0003347840642785267,0.0
2020-03-22 08:10:00,0.02986,0.02986,0.02986,0.02986,0.0,0.0
2020-03-23 08:00:00,0.02715,0.02722,0.02715,0.02721,0.002209944751381253,0.0001
2020-03-23 08:01:00,0.02721,0.02727,0.02721,0.02727,0.0022050716648290168,0.0
2020-03-23 08:02:00,0.02728,0.02729,0.02724,0.02729,0.0003665689149559968,0.0
2020-03-23 08:03:00,0.027260000000000003,0.02728,0.02723,0.02725,-0.0003668378576668963,0.0
2020-03-23 08:04:00,0.027260000000000003,0.027260000000000003,0.02723,0.02723,-0.0011005135730006886,0.0
2020-03-23 08:05:00,0.02723,0.027260000000000003,0.02723,0.027260000000000003,0.0011017260374586405,0.0
2020-03-23 08:06:00,0.02725,0.0273,0.02724,0.02729,0.0014678899082568207,0.0
2020-03-23 08:07:00,0.02729,0.02729,0.027260000000000003,0.02727,-0.0007328691828508313,0.0
2020-03-23 08:08:00,0.02727,0.02731,0.02727,0.02731,0.0014668133480015342,0.0
2020-03-23 08:09:00,0.02729,0.02734,0.02728,0.02734,0.0018321729571272047,0.0
2020-03-23 08:10:00,0.02734,0.02735,0.02733,0.02735,0.00036576444769566914,0.0
2020-03-24 08:00:00,0.02926,0.02934,0.02925,0.02934,0.0027341079972658987,0.0
2020-03-24 08:01:00,0.02935,0.0294,0.02935,0.02938,0.001022146507666057,0.0
2020-03-24 08:02:00,0.02939,0.02941,0.02937,0.02937,-0.0006805035726437287,0.0
2020-03-24 08:03:00,0.02936,0.02936,0.0293,0.029310000000000006,-0.0017029972752044089,0.0
2020-03-24 08:04:00,0.02932,0.02932,0.02932,0.02932,0.0,0.0
2020-03-24 08:05:00,0.02932,0.02936,0.02932,0.02935,0.0010231923601637877,0.0
2020-03-24 08:06:00,0.02934,0.02934,0.02932,0.02932,-0.0006816632583504654,0.0
2020-03-24 08:07:00,0.02932,0.02933,0.02932,0.02933,0.0003410641200545564,0.0
2020-03-24 08:08:00,0.02935,0.02951,0.02935,0.029480000000000006,0.004429301533219699,0.0
2020-03-24 08:09:00,0.02949,0.02958,0.029460000000000007,0.02949,0.0,0.0
2020-03-24 08:10:00,0.02947,0.02947,0.02943,0.02945,-0.0006786562606039765,0.0
2020-03-25 08:00:00,0.02969,0.02969,0.02961,0.02965,-0.0013472549680027565,0.0
2020-03-25 08:01:00,0.02964,0.02964,0.02958,0.02961,-0.001012145748987813,0.0
2020-03-25 08:02:00,0.0296,0.0296,0.029560000000000006,0.029560000000000006,-0.0013513513513514134,0.0
2020-03-25 08:03:00,0.02955,0.02955,0.02953,0.02953,-0.0006768189509305985,0.0
2020-03-25 08:04:00,0.02953,0.02953,0.02953,0.02953,0.0,0.0
2020-03-25 08:05:00,0.02955,0.02955,0.02953,0.02953,-0.0006768189509305985,0.0
2020-03-25 08:06:00,0.02955,0.02955,0.02952,0.02953,-0.0006768189509305985,0.0
2020-03-25 08:07:00,0.02951,0.02953,0.02944,0.02944,-0.002372077261945124,0.0
2020-03-25 08:08:00,0.02944,0.02947,0.02943,0.02944,0.0,0.0
2020-03-25 08:09:00,0.02944,0.029480000000000006,0.02944,0.029460000000000007,0.0006793478260869289,0.0
2020-03-25 08:10:00,0.029460000000000007,0.02947,0.0294,0.02941,-0.0016972165648337213,0.0
2020-03-26 08:00:00,0.02943,0.02943,0.02943,0.02943,0.0,0.0
2020-03-26 08:01:00,0.029480000000000006,0.0295,0.02947,0.02949,0.00033921302578017616,0.0
2020-03-26 08:02:00,0.029480000000000006,0.029480000000000006,0.029480000000000006,0.029480000000000006,0.0,0.0
2020-03-26 08:03:00,0.029480000000000006,0.029480000000000006,0.02945,0.02947,-0.00033921302578017616,0.0
2020-03-26 08:04:00,0.02949,0.02949,0.02949,0.02949,0.0,0.0
2020-03-26 08:05:00,0.029480000000000006,0.02951,0.029480000000000006,0.02949,0.00033921302578017616,0.0
2020-03-26 08:06:00,0.02951,0.02961,0.02951,0.02961,0.0033886818027786983,0.0
2020-03-26 08:07:00,0.02961,0.02962,0.02958,0.02959,-0.0006754474839580948,0.0
2020-03-26 08:08:00,0.02958,0.02958,0.02952,0.02953,-0.0016903313049356984,0.0
2020-03-26 08:09:00,0.02955,0.02957,0.02954,0.02957,0.0006768189509305985,0.0
2020-03-26 08:10:00,0.029560000000000006,0.02958,0.029560000000000006,0.02958,0.0006765899864681728,0.0
2020-03-27 08:00:00,0.0306,0.0306,0.03057,0.03057,-0.0009803921568627052,0.0
2020-03-27 08:01:00,0.03057,0.03058,0.03053,0.03057,0.0,0.0
2020-03-27 08:02:00,0.030560000000000007,0.03058,0.03055,0.030560000000000007,0.0,0.0
2020-03-27 08:03:00,0.03055,0.03055,0.03051,0.03051,-0.0013093289689034972,0.0
2020-03-27 08:04:00,0.03051,0.03054,0.03051,0.03054,0.0009832841691249509,0.0
2020-03-27 08:05:00,0.03053,0.030560000000000007,0.03053,0.03054,0.0003275466754012313,0.0
2020-03-27 08:06:00,0.03055,0.03055,0.03052,0.03052,-0.0009819967266776512,0.0
2020-03-27 08:07:00,0.03052,0.03052,0.0305,0.0305,-0.0006553079947575094,0.0
2020-03-27 08:08:00,0.0305,0.0305,0.03047,0.03047,-0.000983606557377009,0.0
2020-03-27 08:09:00,0.03047,0.0305,0.03047,0.03047,0.0,0.0
2020-03-27 08:10:00,0.03047,0.03047,0.03047,0.03047,0.0,0.0
2020-03-28 08:00:00,0.02837,0.02837,0.02834,0.02834,-0.0010574550581599852,0.0
2020-03-28 08:01:00,0.02835,0.02835,0.02828,0.02829,-0.0021164021164021525,0.0
2020-03-28 08:02:00,0.02829,0.0283,0.02829,0.02829,0.0,0.0
2020-03-28 08:03:00,0.02831,0.02834,0.02831,0.02834,0.0010596962204168932,0.0
2020-03-28 08:04:00,0.02834,0.02839,0.02834,0.02839,0.001764290755116371,0.0
2020-03-28 08:05:00,0.02839,0.0284,0.02839,0.0284,0.0003522367030645672,0.0
2020-03-28 08:06:00,0.0284,0.0284,0.02834,0.02834,-0.002112676056338064,0.0
2020-03-28 08:07:00,0.02834,0.02837,0.02834,0.02837,0.0010585744530698226,0.0
2020-03-28 08:08:00,0.02838,0.02838,0.02837,0.02838,0.0,0.0
2020-03-28 08:09:00,0.02839,0.0284,0.02837,0.02837,-0.00070447340612889,0.0
2020-03-28 08:10:00,0.02841,0.02843,0.02841,0.02843,0.0007039774727208442,0.0
2020-03-29 08:00:00,0.02945,0.02945,0.02928,0.02928,-0.005772495755517827,0.0
2020-03-29 08:01:00,0.02929,0.0293,0.02928,0.02929,0.0,0.0
2020-03-29 08:02:00,0.0293,0.0293,0.02925,0.02925,-0.0017064846416381555,0.0
2020-03-29 08:03:00,0.02924,0.02927,0.02924,0.02925,0.00034199726402199255,0.0
2020-03-29 08:04:00,0.02928,0.0293,0.02928,0.02929,0.0003415300546447948,0.0
2020-03-29 08:05:00,0.02929,0.02929,0.02927,0.02927,-0.0006828269033799652,0.0
2020-03-29 08:06:00,0.02926,0.02926,0.02922,0.029230000000000006,-0.0010252904989747863,0.0
2020-03-29 08:07:00,0.029230000000000006,0.029230000000000006,0.02915,0.02919,-0.0013684570646595405,0.0
2020-03-29 08:08:00,0.02919,0.029230000000000006,0.02917,0.029230000000000006,0.0013703323055840482,0.0
2020-03-29 08:09:00,0.02919,0.029210000000000007,0.02917,0.02917,-0.0006851661527920241,0.0
2020-03-29 08:10:00,0.02919,0.02919,0.02919,0.02919,0.0,0.0
2020-03-30 08:00:00,0.02933,0.029460000000000007,0.02933,0.02944,0.0037504261847938094,0.0
2020-03-30 08:01:00,0.02945,0.0295,0.02943,0.02944,-0.00033955857385397595,0.0
2020-03-30 08:02:00,0.029460000000000007,0.029460000000000007,0.02942,0.02942,-0.0013577732518668829,0.0
2020-03-30 08:03:00,0.02942,0.02943,0.02939,0.02939,-0.0010197144799456916,0.0
2020-03-30 08:04:00,0.0294,0.02943,0.0294,0.0294,0.0,0.0
2020-03-30 08:05:00,0.02939,0.02944,0.02939,0.02942,0.001020755358965711,0.0
2020-03-30 08:06:00,0.02942,0.02945,0.02942,0.02943,0.00033990482664852457,0.0
2020-03-30 08:07:00,0.02943,0.02945,0.02941,0.02943,0.0,0.0
2020-03-30 08:08:00,0.02943,0.02944,0.02941,0.02941,-0.0006795786612301275,0.0
2020-03-30 08:09:00,0.02944,0.02944,0.02939,0.02941,-0.0010190217391305106,0.0
2020-03-30 08:10:00,0.02941,0.02941,0.02939,0.02939,-0.0006800408024481193,0.0
2020-03-31 08:00:00,0.02985,0.02986,0.02985,0.02986,0.0003350083752093666,0.0
2020-03-31 08:01:00,0.02985,0.02986,0.02985,0.02986,0.0003350083752093666,0.0
2020-03-31 08:02:00,0.02986,0.02987,0.02985,0.02985,-0.00033489618218350944,0.0
2020-03-31 08:03:00,0.02987,0.02987,0.02985,0.02986,-0.0003347840642785267,0.0
2020-03-31 08:04:00,0.02986,0.02987,0.02985,0.02985,-0.00033489618218350944,0.0
2020-03-31 08:05:00,0.02987,0.02987,0.02986,0.02986,-0.0003347840642785267,0.0
2020-03-31 08:06:00,0.02987,0.02987,0.02986,0.02986,-0.0003347840642785267,0.0
2020-03-31 08:07:00,0.02987,0.0299,0.02987,0.02989,0.0006695681285570534,0.0
2020-03-31 08:08:00,0.0299,0.0299,0.02989,0.02989,-0.00033444816053510343,0.0
2020-03-31 08:09:00,0.0299,0.0299,0.02989,0.02989,-0.00033444816053510343,0.0
2020-03-31 08:10:00,0.0299,0.0299,0.02987,0.02987,-0.0010033444816053103,0.0
2020-04-01 08:00:00,0.03058,0.03058,0.03053,0.03053,-0.0016350555918900574,0.0
2020-04-01 08:01:00,0.03053,0.03053,0.0305,0.0305,-0.0009826400262038077,0.0
2020-04-01 08:02:00,0.03051,0.03052,0.03051,0.03052,0.00032776138970827903,0.0
2020-04-01 08:03:00,0.03052,0.03052,0.03051,0.03051,-0.0003276539973787547,0.0
2020-04-01 08:04:00,0.03052,0.03052,0.03051,0.03051,-0.0003276539973787547,0.0
2020-04-01 08:05:00,0.03051,0.03051,0.03045,0.03047,-0.0013110455588331161,0.0
2020-04-01 08:06:00,0.03046,0.03049,0.03045,0.03046,0.0,0.0
2020-04-01 08:07:00,0.03045,0.03048,0.03045,0.03046,0.0003284072249589357,0.0
2020-04-01 08:08:00,0.03047,0.03047,0.03046,0.03046,-0.0003281916639317228,0.0
2020-04-01 08:09:00,0.03047,0.03048,0.03047,0.03047,0.0,0.0
2020-04-01 08:10:00,0.03048,0.0305,0.03048,0.03049,0.00032808398950129894,0.0
2020-04-02 08:00:00,0.03125,0.03126,0.03124,0.03124,-0.00031999999999998696,0.0
2020-04-02 08:01:00,0.03126,0.03127,0.03125,0.03127,0.00031989763275739355,0.0
2020-04-02 08:02:00,0.03125,0.03127,0.03124,0.03124,-0.00031999999999998696,0.0
2020-04-02 08:03:00,0.03123,0.03125,0.03122,0.03124,0.0003202049311559268,0.0
2020-04-02 08:04:00,0.03126,0.03126,0.03124,0.03124,-0.0006397952655151202,0.0
2020-04-02 08:05:00,0.03125,0.03125,0.03123,0.03123,-0.0006399999999999737,0.0
2020-04-02 08:06:00,0.03125,0.03126,0.03123,0.03124,-0.00031999999999998696,0.0
2020-04-02 08:07:00,0.03124,0.03124,0.0311,0.03113,-0.003521126760563348,0.0
2020-04-02 08:08:00,0.03113,0.03117,0.03112,0.031160000000000007,0.0009637006103436807,0.0
2020-04-02 08:09:00,0.03115,0.031160000000000007,0.03113,0.03114,-0.0003210272873194092,0.0
2020-04-02 08:10:00,0.031160000000000007,0.031160000000000007,0.03109,0.03109,-0.002246469833119404,0.0
2020-04-03 08:00:00,0.03237,0.03243,0.03237,0.03243,0.001853568118628284,0.0
2020-04-03 08:01:00,0.03243,0.03246,0.03241,0.03245,0.0006167129201356518,0.0
2020-04-03 08:02:00,0.03246,0.03247,0.03243,0.03246,0.0,0.0
2020-04-03 08:03:00,0.03245,0.032510000000000004,0.03245,0.03247,0.0006163328197226251,0.0
2020-04-03 08:04:00,0.03248,0.03248,0.03238,0.03238,-0.003078817733990236,0.0
2020-04-03 08:05:00,0.0324,0.03241,0.032389999999999995,0.03241,0.0003086419753087365,0.0
2020-04-03 08:06:00,0.0324,0.03242,0.03236,0.03238,-0.0006172839506172588,0.0
2020-04-03 08:07:00,0.03236,0.03238,0.032310000000000005,0.032310000000000005,-0.0015451174289246425,0.0
2020-04-03 08:08:00,0.032330000000000005,0.032330000000000005,0.03219,0.03219,-0.0043303433343641895,0.0
2020-04-03 08:09:00,0.03217,0.0322,0.03216,0.03216,-0.0003108486167235351,0.0
2020-04-03 08:10:00,0.03219,0.03221,0.03218,0.03221,0.000621310966138527,0.0
2020-04-04 08:00:00,0.0319,0.03195,0.0319,0.03192,0.0006269592476488773,0.0
2020-04-04 08:01:00,0.03194,0.03197,0.03193,0.03193,-0.0003130870381967145,0.0
2020-04-04 08:02:00,0.03194,0.03195,0.03194,0.03195,0.00031308703819649727,0.0
2020-04-04 08:03:00,0.03193,0.03194,0.03193,0.03194,0.00031318509238969816,0.0
2020-04-04 08:04:00,0.03193,0.03196,0.03193,0.03196,0.0009395552771688774,0.0
2020-04-04 08:05:00,0.03194,0.03194,0.03193,0.03193,-0.0003130870381967145,0.0
2020-04-04 08:06:00,0.03193,0.03195,0.03193,0.03195,0.0006263701847791789,0.0
2020-04-04 08:07:00,0.03193,0.03193,0.03193,0.03193,0.0,0.0
2020-04-04 08:08:00,0.03193,0.03195,0.03193,0.03195,0.0006263701847791789,0.0
2020-04-04 08:09:00,0.03195,0.03195,0.03195,0.03195,0.0,0.0
2020-04-04 08:10:00,0.03195,0.03195,0.03195,0.03195,0.0,0.0
2020-04-05 08:00:00,0.03207,0.03207,0.03203,0.032060000000000005,-0.00031181789834746064,0.0
2020-04-05 08:01:00,0.03202,0.03205,0.03202,0.03204,0.000624609618988107,0.0
2020-04-05 08:02:00,0.03204,0.032080000000000004,0.03204,0.03207,0.0009363295880150512,0.0
2020-04-05 08:03:00,0.032060000000000005,0.03207,0.03205,0.03207,0.00031191515907682665,0.0
2020-04-05 08:04:00,0.03207,0.03207,0.03205,0.032060000000000005,-0.00031181789834746064,0.0
2020-04-05 08:05:00,0.032060000000000005,0.032060000000000005,0.032060000000000005,0.032060000000000005,0.0,0.0
2020-04-05 08:06:00,0.03205,0.03205,0.03204,0.03204,-0.0003120124804993155,0.0
2020-04-05 08:07:00,0.032060000000000005,0.032060000000000005,0.03205,0.032060000000000005,0.0,0.0
2020-04-05 08:08:00,0.03207,0.032080000000000004,0.032060000000000005,0.032080000000000004,0.00031181789834724424,0.0
2020-04-05 08:09:00,0.03209,0.0321,0.032080000000000004,0.03209,0.0,0.0
2020-04-05 08:10:00,0.0321,0.0321,0.0321,0.0321,0.0,0.0
2020-04-06 08:00:00,0.03312,0.03317,0.03312,0.03317,0.0015096618357488356,0.0
2020-04-06 08:01:00,0.03316,0.03316,0.03311,0.03314,-0.0006031363088057657,0.0
2020-04-06 08:02:00,0.03315,0.03315,0.03307,0.0331,-0.001508295625942728,0.0
2020-04-06 08:03:00,0.03308,0.033089999999999994,0.03306,0.03308,0.0,0.0
2020-04-06 08:04:00,0.033089999999999994,0.033089999999999994,0.03307,0.03307,-0.0006044122091265997,0.0
2020-04-06 08:05:00,0.03307,0.03308,0.03307,0.03308,0.00030238887208938986,0.0
2020-04-06 08:06:00,0.03308,0.03312,0.03308,0.03312,0.0012091898428052716,0.0
2020-04-06 08:07:00,0.0331,0.03317,0.0331,0.03317,0.002114803625377662,0.0
2020-04-06 08:08:00,0.03317,0.03317,0.03313,0.03317,0.0,0.0
2020-04-06 08:09:00,0.03315,0.03319,0.03315,0.03316,0.0003016591251886293,0.0
2020-04-06 08:10:00,0.03316,0.03317,0.03316,0.03317,0.0003015681544027781,0.0
2020-04-07 08:00:00,0.03646,0.03649,0.03644,0.03648,0.0005485463521667359,0.0
2020-04-07 08:01:00,0.03647,0.03647,0.0364,0.0364,-0.0019193857965451226,0.0
2020-04-07 08:02:00,0.03643,0.03643,0.03636,0.03637,-0.0016469942355201088,0.0
2020-04-07 08:03:00,0.03634,0.03638,0.03632,0.03638,0.00110071546505243,0.0
2020-04-07 08:04:00,0.03634,0.03638,0.03634,0.03638,0.00110071546505243,0.0
2020-04-07 08:05:00,0.03638,0.03642,0.03638,0.03642,0.0010995052226497627,0.0
2020-04-07 08:06:00,0.03642,0.03643,0.0364,0.036410000000000005,-0.0002745744096651033,0.0
2020-04-07 08:07:00,0.03638,0.03638,0.03638,0.03638,0.0,0.0
2020-04-07 08:08:00,0.03638,0.036410000000000005,0.03638,0.036410000000000005,0.0008246289169872267,0.0
2020-04-07 08:09:00,0.03642,0.03643,0.03639,0.03639,-0.0008237232289951194,0.0
2020-04-07 08:10:00,0.0364,0.03642,0.03637,0.03642,0.000549450549450527,0.0
2020-04-08 08:00:00,0.03631,0.03637,0.03631,0.03634,0.0008262186725418703,0.0
2020-04-08 08:01:00,0.03637,0.03637,0.03632,0.03636,-0.0002749518834202948,0.0
2020-04-08 08:02:00,0.03633,0.03634,0.03631,0.03631,-0.0005505092210294298,0.0
2020-04-08 08:03:00,0.0363,0.03634,0.0363,0.03631,0.0002754820936639961,0.0
2020-04-08 08:04:00,0.03631,0.03631,0.03629,0.03629,-0.0005508124483613107,0.0
2020-04-08 08:05:00,0.03629,0.03629,0.0362,0.03622,-0.0019289060347203253,0.0
2020-04-08 08:06:00,0.03619,0.03622,0.03619,0.0362,0.0002763194252556801,0.0
2020-04-08 08:07:00,0.03619,0.03627,0.03619,0.03627,0.0022105554020446735,0.0
2020-04-08 08:08:00,0.03624,0.03624,0.03624,0.03624,0.0,0.0
2020-04-08 08:09:00,0.03622,0.03623,0.03619,0.03621,-0.0002760905577030111,0.0
2020-04-08 08:10:00,0.03621,0.03623,0.03618,0.03621,0.0,0.0
2020-04-09 08:00:00,0.03633,0.0364,0.03632,0.0364,0.0019267822736031,0.0
2020-04-09 08:01:00,0.03638,0.0364,0.03634,0.03638,0.0,0.0
2020-04-09 08:02:00,0.03638,0.0364,0.03638,0.03638,0.0,0.0
2020-04-09 08:03:00,0.03639,0.03639,0.03638,0.03638,-0.0002748007694420479,0.0
2020-04-09 08:04:00,0.03635,0.03639,0.03634,0.03638,0.000825309491059209,0.0
2020-04-09 08:05:00,0.03639,0.03639,0.03638,0.03639,0.0,0.0
2020-04-09 08:06:00,0.03638,0.03639,0.03637,0.03638,0.0,0.0
2020-04-09 08:07:00,0.03637,0.03637,0.03631,0.03631,-0.0016497113005223413,0.0
2020-04-09 08:08:00,0.03632,0.03632,0.03629,0.03631,-0.0002753303964756642,0.0
2020-04-09 08:09:00,0.03631,0.03633,0.03631,0.03631,0.0,0.0
2020-04-09 08:10:00,0.03631,0.03632,0.03628,0.03628,-0.0008262186725420612,0.0
2020-04-10 08:00:00,0.03335,0.03335,0.033280000000000004,0.033280000000000004,-0.0020989505247376496,0.0
2020-04-10 08:01:00,0.03327,0.03327,0.03323,0.03323,-0.0012022843402464194,0.0
2020-04-10 08:02:00,0.03323,0.03325,0.03313,0.03314,-0.00270839602768582,0.0
2020-04-10 08:03:00,0.03315,0.03315,0.03296,0.03305,-0.003016591251885247,0.0
2020-04-10 08:04:00,0.03306,0.03329,0.03306,0.03327,0.006352087114337625,0.0
2020-04-10 08:05:00,0.03327,0.03331,0.03323,0.03331,0.0012022843402464194,0.0
2020-04-10 08:06:00,0.03331,0.0334,0.03331,0.0334,0.002701891323926743,0.0
2020-04-10 08:07:00,0.0334,0.03345,0.03335,0.03335,-0.0014970059880239953,0.0
2020-04-10 08:08:00,0.033339999999999995,0.033339999999999995,0.03329,0.03329,-0.0014997000599880452,0.0
2020-04-10 08:09:00,0.033319999999999995,0.03333,0.033319999999999995,0.03333,0.00030012004801909133,0.0
2020-04-10 08:10:00,0.03333,0.03333,0.0333,0.03333,0.0,0.0
2020-04-11 08:00:00,0.03369,0.03369,0.03367,0.03367,-0.0005936479667556897,0.0
2020-04-11 08:01:00,0.03366,0.03367,0.03366,0.03367,0.00029708853238253485,0.0
2020-04-11 08:02:00,0.03367,0.03367,0.03367,0.03367,0.0,0.0
2020-04-11 08:03:00,0.03365,0.03368,0.03365,0.03367,0.0005943536404160232,0.0
2020-04-11 08:04:00,0.03368,0.03373,0.03367,0.03373,0.0014845605700713016,0.0
2020-04-11 08:05:00,0.03374,0.03374,0.0337,0.03372,-0.0005927682276229753,0.0
2020-04-11 08:06:00,0.03372,0.03372,0.03369,0.0337,-0.0005931198102016366,0.0
2020-04-11 08:07:00,0.03369,0.03369,0.03364,0.03365,-0.0011872959335113794,0.0
2020-04-11 08:08:00,0.03364,0.03365,0.03363,0.03363,-0.0002972651605232777,0.0
2020-04-11 08:09:00,0.03364,0.03369,0.03364,0.03367,0.0008917954815694205,0.0
2020-04-11 08:10:00,0.03372,0.03372,0.03372,0.03372,0.0,0.0
2020-04-12 08:00:00,0.03324,0.033260000000000005,0.03324,0.033260000000000005,0.0006016847172081584,0.0
2020-04-12 08:01:00,0.033260000000000005,0.033260000000000005,0.033260000000000005,0.033260000000000005,0.0,0.0
2020-04-12 08:02:00,0.033280000000000004,0.033280000000000004,0.033280000000000004,0.033280000000000004,0.0,0.0
2020-04-12 08:03:00,0.033280000000000004,0.033280000000000004,0.033260000000000005,0.033280000000000004,0.0,0.0
2020-04-12 08:04:00,0.03324,0.03324,0.03324,0.03324,0.0,0.0
2020-04-12 08:05:00,0.03323,0.03323,0.03323,0.03323,0.0,0.0
2020-04-12 08:06:00,0.03323,0.03323,0.03323,0.03323,0.0,0.0
2020-04-12 08:07:00,0.03324,0.03327,0.03324,0.03327,0.000902527075812342,0.0
2020-04-12 08:08:00,0.03324,0.03324,0.03324,0.03324,0.0,0.0
2020-04-12 08:09:00,0.03324,0.03325,0.03324,0.03325,0.00030084235860418357,0.0
2020-04-12 08:10:00,0.033280000000000004,0.033280000000000004,0.033280000000000004,0.033280000000000004,0.0,0.0
2020-04-13 08:00:00,0.0322,0.0322,0.03215,0.03215,-0.0015527950310559454,0.0
2020-04-13 08:01:00,0.03216,0.03216,0.03213,0.03213,-0.0009328358208955922,0.0
2020-04-13 08:02:00,0.032139999999999995,0.03215,0.03213,0.032139999999999995,0.0,0.0
2020-04-13 08:03:00,0.03215,0.03215,0.03212,0.03213,-0.0006220839813374553,0.0
2020-04-13 08:04:00,0.03215,0.03218,0.03215,0.03216,0.00031104199066883567,0.0
2020-04-13 08:05:00,0.03217,0.03223,0.03217,0.03221,0.0012433944668947875,0.0
2020-04-13 08:06:00,0.0322,0.03224,0.0322,0.03223,0.0009316770186336102,0.0
2020-04-13 08:07:00,0.03223,0.03223,0.03223,0.03223,0.0,0.0
2020-04-13 08:08:00,0.03222,0.03225,0.03222,0.03225,0.0009310986964618948,0.0
2020-04-13 08:09:00,0.032260000000000004,0.0323,0.032260000000000004,0.0323,0.0012399256044638974,0.0
2020-04-13 08:10:00,0.03229,0.03229,0.03227,0.03229,0.0,0.0
2020-04-14 08:00:00,0.03292,0.03292,0.03275,0.03282,-0.0030376670716888193,0.0
2020-04-14 08:01:00,0.03285,0.03285,0.03268,0.03274,-0.003348554033485509,0.0
2020-04-14 08:02:00,0.03274,0.03277,0.03272,0.03273,-0.00030543677458754197,0.0
2020-04-14 08:03:00,0.03273,0.03277,0.0327,0.03275,0.0006110601894286338,0.0
2020-04-14 08:04:00,0.03273,0.03277,0.03272,0.03274,0.0003055300947142109,0.0
2020-04-14 08:05:00,0.03277,0.032780000000000004,0.03275,0.03277,0.0,0.0
2020-04-14 08:06:00,0.032760000000000004,0.03281,0.03275,0.03281,0.0015262515262515696,0.0
2020-04-14 08:07:00,0.03281,0.03284,0.0328,0.03282,0.0003047851264859208,0.0
2020-04-14 08:08:00,0.03285,0.03285,0.03281,0.03282,-0.0009132420091322774,0.0
2020-04-14 08:09:00,0.03285,0.03285,0.03281,0.03282,-0.0009132420091322774,0.0
2020-04-14 08:10:00,0.03283,0.03283,0.03281,0.03281,-0.000609198903441949,0.0
2020-04-15 08:00:00,0.03333,0.03333,0.03333,0.03333,0.0,0.0
2020-04-15 08:01:00,0.03333,0.03333,0.03329,0.03331,-0.0006000600060005756,0.0
2020-04-15 08:02:00,0.033319999999999995,0.033319999999999995,0.0333,0.03331,-0.00030012004801929955,0.0
2020-04-15 08:03:00,0.033319999999999995,0.03336,0.033319999999999995,0.033339999999999995,0.0006002400960383907,0.0
2020-04-15 08:04:00,0.03333,0.033339999999999995,0.03333,0.033339999999999995,0.00030003000300039194,0.0
2020-04-15 08:05:00,0.03335,0.03335,0.03335,0.03335,0.0,0.0
2020-04-15 08:06:00,0.03335,0.03337,0.033319999999999995,0.03333,-0.0005997001499250129,0.0
2020-04-15 08:07:00,0.03331,0.033319999999999995,0.03331,0.03331,0.0,0.0
2020-04-15 08:08:00,0.03329,0.03331,0.03329,0.03331,0.0006007810153198914,0.0
2020-04-15 08:09:00,0.03331,0.03331,0.03329,0.03331,0.0,0.0
2020-04-15 08:10:00,0.03331,0.03331,0.0333,0.0333,-0.00030021014710285564,0.0
2020-04-16 08:00:00,0.033010000000000005,0.033260000000000005,0.033,0.033260000000000005,0.007573462587094826,0.0
2020-04-16 08:01:00,0.033260000000000005,0.033280000000000004,0.0332,0.0332,-0.0018039687312085856,0.0
2020-04-16 08:02:00,0.0332,0.03322,0.03313,0.03314,-0.001807228915662577,0.0
2020-04-16 08:03:00,0.03316,0.03316,0.03308,0.033089999999999994,-0.002110977080820284,0.0
2020-04-16 08:04:00,0.03306,0.03306,0.03296,0.03296,-0.003024803387779671,0.0
2020-04-16 08:05:00,0.03297,0.033010000000000005,0.03297,0.033,0.0009099181073704047,0.0
2020-04-16 08:06:00,0.033,0.0331,0.033,0.03305,0.0015151515151515585,0.0
2020-04-16 08:07:00,0.03308,0.033089999999999994,0.03308,0.033089999999999994,0.0003022974607014227,0.0
2020-04-16 08:08:00,0.0331,0.03316,0.0331,0.03316,0.0018126888217524016,0.0
2020-04-16 08:09:00,0.03316,0.03318,0.03315,0.03316,0.0,0.0
2020-04-16 08:10:00,0.03317,0.03318,0.03312,0.03313,-0.0012059089538739335,0.0
2020-04-17 08:00:00,0.03428,0.0343,0.03428,0.03428,0.0,0.0
2020-04-17 08:01:00,0.0343,0.0343,0.03427,0.03427,-0.0008746355685129827,0.0
2020-04-17 08:02:00,0.034260000000000006,0.034260000000000006,0.03424,0.03424,-0.0005837711617045879,0.0
2020-04-17 08:03:00,0.03425,0.03427,0.03425,0.03427,0.0005839416058393923,0.0
2020-04-17 08:04:00,0.03427,0.03437,0.03427,0.03435,0.0023344032681644803,0.0
2020-04-17 08:05:00,0.03436,0.03436,0.03436,0.03436,0.0,0.0
2020-04-17 08:06:00,0.03437,0.03442,0.03437,0.03441,0.00116380564445753,0.0
2020-04-17 08:07:00,0.03442,0.03444,0.03435,0.03441,-0.0002905287623473598,0.0
2020-04-17 08:08:00,0.03442,0.034460000000000005,0.03441,0.03443,0.00029052876234756135,0.0
2020-04-17 08:09:00,0.03443,0.03443,0.03443,0.03443,0.0,0.0
2020-04-17 08:10:00,0.03445,0.03445,0.03441,0.03441,-0.0011611030478954536,0.0
2020-04-18 08:00:00,0.035,0.035,0.035,0.035,0.0,0.0
2020-04-18 08:01:00,0.035,0.035,0.035,0.035,0.0,0.0
2020-04-18 08:02:00,0.035,0.035,0.035,0.035,0.0,0.0
2020-04-18 08:03:00,0.035,0.03505,0.035,0.03505,0.0014285714285712716,0.0
2020-04-18 08:04:00,0.03505,0.03505,0.03505,0.03505,0.0,0.0
2020-04-18 08:05:00,0.03505,0.03505,0.03505,0.03505,0.0,0.0
2020-04-18 08:06:00,0.03506,0.03507,0.03505,0.03507,0.0002852253280090166,0.0
2020-04-18 08:07:00,0.03505,0.03505,0.03505,0.03505,0.0,0.0
2020-04-18 08:08:00,0.03507,0.03507,0.03507,0.03507,0.0,0.0
2020-04-18 08:09:00,0.03507,0.03507,0.03505,0.03505,-0.0005702879954376729,0.0
2020-04-18 08:10:00,0.03505,0.03505,0.03505,0.03505,0.0,0.0
2020-04-19 08:00:00,0.03603,0.03603,0.036000000000000004,0.036000000000000004,-0.0008326394671108034,0.0
2020-04-19 08:01:00,0.03601,0.03601,0.03598,0.036000000000000004,-0.00027770063871155405,0.0
2020-04-19 08:02:00,0.03598,0.03598,0.03594,0.03595,-0.0008337965536407813,0.0
2020-04-19 08:03:00,0.03595,0.03598,0.03595,0.03598,0.0008344923504866568,0.0
2020-04-19 08:04:00,0.03596,0.03598,0.03596,0.03596,0.0,0.0
2020-04-19 08:05:00,0.03596,0.03598,0.03596,0.03596,0.0,0.0
2020-04-19 08:06:00,0.03595,0.03597,0.03594,0.03595,0.0,0.0
2020-04-19 08:07:00,0.035930000000000004,0.03594,0.03588,0.03588,-0.0013915947676035206,0.0
2020-04-19 08:08:00,0.03587,0.03587,0.03581,0.03581,-0.0016727069974908713,0.0
2020-04-19 08:09:00,0.03581,0.03581,0.035789999999999995,0.035789999999999995,-0.0005585032113934427,0.0
2020-04-19 08:10:00,0.03578,0.03581,0.03577,0.03577,-0.00027948574622683407,0.0
